{
" ":0.15677966,
"!":0.24152543,
"\"":0.44661015,
"#":0.6033898,
"$":0.5525424,
"%":0.7601695,
"&":0.6779661,
"'":0.23559321,
"(":0.31779662,
")":0.31779662,
"*":0.40508473,
"+":0.5025424,
",":0.23898305,
"-":0.31355932,
".":0.23898305,
"/":0.37118644,
"0":0.60677963,
"1":0.37711865,
"2":0.5525424,
"3":0.56864405,
"4":0.5949153,
"5":0.5661017,
"6":0.5813559,
"7":0.48728812,
"8":0.57288134,
"9":0.5813559,
":":0.23898305,
";":0.23898305,
"<":0.5025424,
"=":0.5025424,
">":0.5025424,
"?":0.5067797,
"@":0.80593216,
"Å":0.62881356,
"A":0.62881356,
"B":0.59322035,
"C":0.6338983,
"D":0.6338983,
"E":0.5169491,
"F":0.49067795,
"G":0.6559322,
"H":0.63135594,
"I":0.25,
"J":0.54915255,
"K":0.6194915,
"L":0.47881356,
"M":0.79491526,
"N":0.65084743,
"O":0.65847456,
"P":0.5779661,
"Q":0.65847456,
"R":0.59999996,
"S":0.579661,
"T":0.5381356,
"U":0.62118644,
"V":0.6008474,
"W":0.87288135,
"X":0.5983051,
"Y":0.579661,
"Z":0.5372881,
"[":0.29067796,
"\\":0.37118644,
"]":0.29067796,
"^":0.47457626,
"_":0.41355932,
"`":0.5084746,
"å":0.51101696,
"a":0.51101696,
"b":0.5423729,
"c":0.5084746,
"d":0.5423729,
"e":0.51525426,
"f":0.36271185,
"g":0.5398305,
"h":0.5355932,
"i":0.22881356,
"j":0.22881356,
"k":0.51864403,
"l":0.22711864,
"m":0.82457626,
"n":0.5355932,
"o":0.5313559,
"p":0.5423729,
"q":0.5423729,
"r":0.3822034,
"s":0.47457626,
"t":0.3559322,
"u":0.5355932,
"v":0.50084746,
"w":0.7525424,
"x":0.49745762,
"y":0.49915254,
"z":0.4559322,
"{":0.33728814,
"|":0.34661016,
"}":0.33728814,
"~":0.46610168
}
